id,account,picture
337800000,https://www.facebook.com/337800000/,https://graph.facebook.com/337800000/picture?type=large
337800001,https://www.facebook.com/337800001/,https://graph.facebook.com/337800001/picture?type=large
337800002,https://www.facebook.com/337800002/,https://graph.facebook.com/337800002/picture?type=large
337800003,https://www.facebook.com/337800003/,https://graph.facebook.com/337800003/picture?type=large
337800004,https://www.facebook.com/337800004/,https://graph.facebook.com/337800004/picture?type=large
337800005,https://www.facebook.com/337800005/,https://graph.facebook.com/337800005/picture?type=large
337800006,https://www.facebook.com/337800006/,https://graph.facebook.com/337800006/picture?type=large
337800007,https://www.facebook.com/337800007/,https://graph.facebook.com/337800007/picture?type=large
337800008,https://www.facebook.com/337800008/,https://graph.facebook.com/337800008/picture?type=large
337800009,https://www.facebook.com/337800009/,https://graph.facebook.com/337800009/picture?type=large
337800010,https://www.facebook.com/337800010/,https://graph.facebook.com/337800010/picture?type=large
337800011,https://www.facebook.com/337800011/,https://graph.facebook.com/337800011/picture?type=large
337800012,https://www.facebook.com/337800012/,https://graph.facebook.com/337800012/picture?type=large
337800013,https://www.facebook.com/337800013/,https://graph.facebook.com/337800013/picture?type=large
337800014,https://www.facebook.com/337800014/,https://graph.facebook.com/337800014/picture?type=large
337800015,https://www.facebook.com/337800015/,https://graph.facebook.com/337800015/picture?type=large
337800016,https://www.facebook.com/337800016/,https://graph.facebook.com/337800016/picture?type=large
337800017,https://www.facebook.com/337800017/,https://graph.facebook.com/337800017/picture?type=large
337800018,https://www.facebook.com/337800018/,https://graph.facebook.com/337800018/picture?type=large
337800019,https://www.facebook.com/337800019/,https://graph.facebook.com/337800019/picture?type=large
337800020,https://www.facebook.com/337800020/,https://graph.facebook.com/337800020/picture?type=large
337800021,https://www.facebook.com/337800021/,https://graph.facebook.com/337800021/picture?type=large
337800022,https://www.facebook.com/337800022/,https://graph.facebook.com/337800022/picture?type=large
337800023,https://www.facebook.com/337800023/,https://graph.facebook.com/337800023/picture?type=large
337800024,https://www.facebook.com/337800024/,https://graph.facebook.com/337800024/picture?type=large
337800025,https://www.facebook.com/337800025/,https://graph.facebook.com/337800025/picture?type=large
337800026,https://www.facebook.com/337800026/,https://graph.facebook.com/337800026/picture?type=large
337800027,https://www.facebook.com/337800027/,https://graph.facebook.com/337800027/picture?type=large
337800028,https://www.facebook.com/337800028/,https://graph.facebook.com/337800028/picture?type=large
337800029,https://www.facebook.com/337800029/,https://graph.facebook.com/337800029/picture?type=large
337800030,https://www.facebook.com/337800030/,https://graph.facebook.com/337800030/picture?type=large
337800031,https://www.facebook.com/337800031/,https://graph.facebook.com/337800031/picture?type=large
337800032,https://www.facebook.com/337800032/,https://graph.facebook.com/337800032/picture?type=large
337800033,https://www.facebook.com/337800033/,https://graph.facebook.com/337800033/picture?type=large
337800034,https://www.facebook.com/337800034/,https://graph.facebook.com/337800034/picture?type=large
337800035,https://www.facebook.com/337800035/,https://graph.facebook.com/337800035/picture?type=large
337800036,https://www.facebook.com/337800036/,https://graph.facebook.com/337800036/picture?type=large
337800037,https://www.facebook.com/337800037/,https://graph.facebook.com/337800037/picture?type=large
337800038,https://www.facebook.com/337800038/,https://graph.facebook.com/337800038/picture?type=large
337800039,https://www.facebook.com/337800039/,https://graph.facebook.com/337800039/picture?type=large
337800040,https://www.facebook.com/337800040/,https://graph.facebook.com/337800040/picture?type=large
337800041,https://www.facebook.com/337800041/,https://graph.facebook.com/337800041/picture?type=large
337800042,https://www.facebook.com/337800042/,https://graph.facebook.com/337800042/picture?type=large
337800043,https://www.facebook.com/337800043/,https://graph.facebook.com/337800043/picture?type=large
337800044,https://www.facebook.com/337800044/,https://graph.facebook.com/337800044/picture?type=large
337800045,https://www.facebook.com/337800045/,https://graph.facebook.com/337800045/picture?type=large
337800046,https://www.facebook.com/337800046/,https://graph.facebook.com/337800046/picture?type=large
337800047,https://www.facebook.com/337800047/,https://graph.facebook.com/337800047/picture?type=large
337800048,https://www.facebook.com/337800048/,https://graph.facebook.com/337800048/picture?type=large
337800049,https://www.facebook.com/337800049/,https://graph.facebook.com/337800049/picture?type=large
337800050,https://www.facebook.com/337800050/,https://graph.facebook.com/337800050/picture?type=large
337800051,https://www.facebook.com/337800051/,https://graph.facebook.com/337800051/picture?type=large
337800052,https://www.facebook.com/337800052/,https://graph.facebook.com/337800052/picture?type=large
337800053,https://www.facebook.com/337800053/,https://graph.facebook.com/337800053/picture?type=large
337800054,https://www.facebook.com/337800054/,https://graph.facebook.com/337800054/picture?type=large
337800055,https://www.facebook.com/337800055/,https://graph.facebook.com/337800055/picture?type=large
337800056,https://www.facebook.com/337800056/,https://graph.facebook.com/337800056/picture?type=large
337800057,https://www.facebook.com/337800057/,https://graph.facebook.com/337800057/picture?type=large
337800058,https://www.facebook.com/337800058/,https://graph.facebook.com/337800058/picture?type=large
337800059,https://www.facebook.com/337800059/,https://graph.facebook.com/337800059/picture?type=large
337800060,https://www.facebook.com/337800060/,https://graph.facebook.com/337800060/picture?type=large
337800061,https://www.facebook.com/337800061/,https://graph.facebook.com/337800061/picture?type=large
337800062,https://www.facebook.com/337800062/,https://graph.facebook.com/337800062/picture?type=large
337800063,https://www.facebook.com/337800063/,https://graph.facebook.com/337800063/picture?type=large
337800064,https://www.facebook.com/337800064/,https://graph.facebook.com/337800064/picture?type=large
337800065,https://www.facebook.com/337800065/,https://graph.facebook.com/337800065/picture?type=large
337800066,https://www.facebook.com/337800066/,https://graph.facebook.com/337800066/picture?type=large
337800067,https://www.facebook.com/337800067/,https://graph.facebook.com/337800067/picture?type=large
337800068,https://www.facebook.com/337800068/,https://graph.facebook.com/337800068/picture?type=large
337800069,https://www.facebook.com/337800069/,https://graph.facebook.com/337800069/picture?type=large
337800070,https://www.facebook.com/337800070/,https://graph.facebook.com/337800070/picture?type=large
337800071,https://www.facebook.com/337800071/,https://graph.facebook.com/337800071/picture?type=large
337800072,https://www.facebook.com/337800072/,https://graph.facebook.com/337800072/picture?type=large
337800073,https://www.facebook.com/337800073/,https://graph.facebook.com/337800073/picture?type=large
337800074,https://www.facebook.com/337800074/,https://graph.facebook.com/337800074/picture?type=large
337800075,https://www.facebook.com/337800075/,https://graph.facebook.com/337800075/picture?type=large
337800076,https://www.facebook.com/337800076/,https://graph.facebook.com/337800076/picture?type=large
337800077,https://www.facebook.com/337800077/,https://graph.facebook.com/337800077/picture?type=large
337800078,https://www.facebook.com/337800078/,https://graph.facebook.com/337800078/picture?type=large
337800079,https://www.facebook.com/337800079/,https://graph.facebook.com/337800079/picture?type=large
337800080,https://www.facebook.com/337800080/,https://graph.facebook.com/337800080/picture?type=large
337800081,https://www.facebook.com/337800081/,https://graph.facebook.com/337800081/picture?type=large
337800082,https://www.facebook.com/337800082/,https://graph.facebook.com/337800082/picture?type=large
337800083,https://www.facebook.com/337800083/,https://graph.facebook.com/337800083/picture?type=large
337800084,https://www.facebook.com/337800084/,https://graph.facebook.com/337800084/picture?type=large
337800085,https://www.facebook.com/337800085/,https://graph.facebook.com/337800085/picture?type=large
337800086,https://www.facebook.com/337800086/,https://graph.facebook.com/337800086/picture?type=large
337800087,https://www.facebook.com/337800087/,https://graph.facebook.com/337800087/picture?type=large
337800088,https://www.facebook.com/337800088/,https://graph.facebook.com/337800088/picture?type=large
337800089,https://www.facebook.com/337800089/,https://graph.facebook.com/337800089/picture?type=large
337800090,https://www.facebook.com/337800090/,https://graph.facebook.com/337800090/picture?type=large
337800091,https://www.facebook.com/337800091/,https://graph.facebook.com/337800091/picture?type=large
337800092,https://www.facebook.com/337800092/,https://graph.facebook.com/337800092/picture?type=large
337800093,https://www.facebook.com/337800093/,https://graph.facebook.com/337800093/picture?type=large
337800094,https://www.facebook.com/337800094/,https://graph.facebook.com/337800094/picture?type=large
337800095,https://www.facebook.com/337800095/,https://graph.facebook.com/337800095/picture?type=large
337800096,https://www.facebook.com/337800096/,https://graph.facebook.com/337800096/picture?type=large
337800097,https://www.facebook.com/337800097/,https://graph.facebook.com/337800097/picture?type=large
337800098,https://www.facebook.com/337800098/,https://graph.facebook.com/337800098/picture?type=large
337800099,https://www.facebook.com/337800099/,https://graph.facebook.com/337800099/picture?type=large
337800100,https://www.facebook.com/337800100/,https://graph.facebook.com/337800100/picture?type=large
